,0:00,1:00,2:00,3:00,4:00,5:00,6:00,7:00,8:00,9:00,10:00,11:00,12:00,13:00,14:00,15:00,16:00,17:00,18:00,19:00,20:00,21:00,22:00,23:00
Monday,Sleep,Sleep,Sleep,Sleep,Sleep,Sleep,Breakfast,Gym,Class,Class,Class,Class,Class,Lunch,Class,Class,Class,Television,Television,Dinner,Television,Television,Sleep,Sleep
Tuesday,Sleep,Sleep,Sleep,Sleep,Sleep,Sleep,Breakfast,Class,Class,Class,Class,Class,Class,Lunch,Class,Class,Class,Television,Television,Dinner,Television,Television,Sleep,Sleep
Wednesday,Sleep,Sleep,Sleep,Sleep,Sleep,Sleep,Breakfast,Gym,Class,Class,Class,Class,Class,Lunch,Class,Class,Class,Television,Television,Dinner,Television,Television,Sleep,Sleep
Thursday,Sleep,Sleep,Sleep,Sleep,Sleep,Sleep,Breakfast,Class,Class,Class,Class,Class,Class,Lunch,Class,Class,Class,Television,Television,Dinner,Television,Television,Sleep,Sleep
Friday,Sleep,Sleep,Sleep,Sleep,Sleep,Sleep,Breakfast,Gym,Class,Class,Class,Class,Class,Lunch,Class,Class,Class,Television,Television,Dinner,Television,Television,Sleep,Sleep
Saturday,Sleep,Sleep,Sleep,Sleep,Sleep,Sleep,Sleep,Sleep,Sleep,Breakfast,River,River,River,River,Lunch,River,River,River,River,Dinner,Television,Television,Sleep,Sleep
Sunday,Sleep,Sleep,Sleep,Sleep,Sleep,Sleep,Sleep,Sleep,Sleep,Breakfast,Church,River,River,River,Lunch,River,River,River,River,Dinner,Television,Television,Sleep,Sleep
